model,term,estimate,dk_std.error,dk_statistic,dk_p.value,dk_lag
TWFE baseline,labor_informality,0.088806,0.019031,4.666381,0.000003,2
TWFE baseline,social_protection_coverage,-0.102373,0.01396,-7.333336,0,2
TWFE baseline,log_gdp_per_capita,-25.96825,2.755188,-9.42522,0,2
TWFE baseline,gini,0.508343,0.118571,4.287239,0.000018,2
TWFE baseline,unemployment,0.893498,0.140112,6.377012,0,2
TWFE interaction,labor_informality,0.218339,0.051711,4.22226,0.000024,2
TWFE interaction,social_protection_coverage,0.022967,0.04911,0.467667,0.640023,2
TWFE interaction,labor_informality:social_protection_coverage,-0.00189,0.000832,-2.270668,0.023167,2
TWFE interaction,log_gdp_per_capita,-25.37457,2.743781,-9.248029,0,2
TWFE interaction,gini,0.496094,0.129315,3.836329,0.000125,2
TWFE interaction,unemployment,0.868717,0.135945,6.390193,0,2
